"","yhat_SN",""
"1",0,0
"2",1,1
"3",2,2
"4",2,2
"5",0,0
"6",0,0
"7",2,2
"8",0,1
"9",0,0
"10",2,2
"11",1,2
"12",2,1
"13",0,0
"14",2,2
"15",2,2
"16",2,2
"17",2,2
"18",2,2
"19",0,0
"20",0,0
"21",0,0
"22",2,2
"23",2,1
"24",2,2
"25",2,2
"26",2,2
"27",0,0
"28",0,1
"29",1,2
"30",0,0
"31",1,1
"32",0,0
"33",0,1
"34",1,0
"35",2,2
"36",0,0
"37",0,0
"38",2,2
"39",2,2
"40",0,0
"41",0,0
"42",0,0
"43",2,2
"44",2,2
"45",0,1
"46",2,2
"47",2,2
"48",0,0
"49",2,2
"50",0,0
"51",1,1
"52",0,0
"53",1,1
"54",0,0
"55",2,2
"56",2,2
"57",0,0
"58",0,0
"59",0,0
"60",1,1
"61",0,0
"62",0,0
"63",0,0
"64",1,2
"65",2,2
"66",0,0
"67",0,0
"68",0,0
"69",0,2
"70",2,2
"71",2,1
"72",2,2
"73",1,0
"74",1,1
"75",2,2
"76",2,2
"77",1,1
"78",1,0
"79",0,0
"80",1,2
"81",0,0
"82",2,1
"83",2,2
"84",2,2
"85",2,2
"86",2,2
"87",0,0
"88",0,0
"89",0,0
"90",2,2
"91",0,0
"92",2,2
"93",0,0
"94",2,2
"95",1,0
"96",1,0
"97",2,2
"98",1,1
"99",0,0
"100",0,0
"101",0,0
"102",0,0
"103",0,0
"104",1,0
"105",0,0
"106",2,2
"107",2,1
"108",2,2
"109",0,0
"110",1,1
"111",1,1
"112",2,1
"113",0,0
"114",0,0
"115",1,1
"116",0,0
"117",2,2
"118",1,0
"119",1,1
"120",2,2
"121",2,2
"122",0,0
"123",2,2
"124",2,2
"125",0,0
"126",0,0
"127",0,0
"128",2,2
"129",0,0
"130",2,2
"131",2,2
"132",2,2
"133",2,1
"134",0,0
"135",2,2
"136",0,0
"137",0,0
"138",0,0
"139",2,2
"140",1,1
"141",0,0
"142",0,0
"143",2,1
"144",0,1
"145",1,1
"146",0,0
"147",0,0
"148",0,0
"149",1,1
"150",1,2
"151",2,2
"152",2,2
"153",2,2
"154",2,2
"155",2,1
"156",0,0
"157",0,0
"158",2,2
"159",2,2
"160",0,0
"161",0,0
"162",2,2
"163",0,0
"164",0,0
"165",1,1
"166",0,0
"167",0,0
"168",2,2
"169",1,1
"170",0,0
"171",1,1
"172",1,2
"173",0,2
"174",0,0
"175",0,0
"176",1,1
"177",1,2
"178",0,0
"179",0,0
"180",1,0
"181",0,0
"182",1,0
"183",2,2
"184",0,2
"185",0,0
"186",1,1
"187",0,0
"188",0,1
"189",0,0
"190",0,0
"191",2,2
"192",0,0
"193",0,0
"194",2,2
"195",0,0
"196",2,1
"197",0,0
"198",2,2
"199",2,1
"200",0,0
"201",1,2
"202",2,2
"203",2,1
"204",0,0
"205",0,0
"206",2,2
"207",0,1
"208",2,2
"209",0,0
"210",2,2
"211",0,0
"212",2,2
"213",0,0
"214",2,2
"215",2,2
"216",0,0
"217",2,2
"218",0,0
"219",0,0
"220",0,0
"221",0,0
"222",2,2
"223",2,2
"224",0,0
"225",1,2
"226",0,0
"227",0,0
"228",2,2
"229",0,0
"230",2,2
"231",0,1
"232",2,2
"233",2,2
"234",1,2
"235",0,0
"236",0,0
"237",2,0
"238",2,2
"239",0,0
"240",0,0
"241",0,0
"242",0,0
"243",1,2
"244",0,0
"245",2,1
"246",2,2
"247",2,1
"248",2,1
"249",0,0
"250",2,2
"251",1,1
"252",0,0
"253",1,1
"254",0,0
"255",0,0
"256",1,0
"257",2,2
"258",1,1
"259",1,1
"260",2,1
"261",2,2
"262",0,0
"263",0,0
"264",0,0
"265",0,0
"266",0,0
"267",2,2
"268",2,2
"269",2,2
"270",2,2
"271",2,2
"272",2,2
"273",1,2
"274",2,2
"275",2,2
"276",2,2
"277",1,1
"278",0,0
"279",2,2
"280",0,0
"281",1,0
"282",0,0
"283",2,1
"284",1,2
"285",2,2
"286",0,1
"287",0,0
"288",0,0
"289",0,0
"290",2,1
"291",1,2
"292",0,0
"293",2,2
"294",2,2
"295",1,0
"296",2,1
"297",2,2
"298",0,0
"299",2,1
"300",0,0
"301",0,1
"302",0,0
"303",2,2
"304",2,2
"305",2,2
"306",0,0
"307",0,0
"308",2,2
"309",1,1
"310",2,2
"311",1,0
"312",2,2
"313",2,2
"314",0,0
"315",2,1
"316",2,2
"317",0,0
"318",2,2
"319",2,2
"320",0,0
"321",2,2
"322",1,1
"323",0,0
"324",2,2
"325",0,0
"326",0,0
"327",2,2
"328",2,2
"329",0,0
"330",1,0
"331",0,0
"332",2,2
"333",0,0
"334",0,0
"335",0,0
"336",2,2
"337",0,0
"338",2,1
"339",1,0
"340",1,0
"341",0,0
"342",2,2
"343",0,0
"344",2,2
"345",0,0
"346",2,2
"347",2,2
"348",0,0
"349",0,0
"350",0,0
"351",0,0
"352",2,2
"353",2,2
"354",0,0
"355",0,0
"356",2,2
"357",0,0
"358",1,2
"359",0,0
"360",2,2
"361",2,2
"362",2,2
"363",1,0
"364",2,2
"365",2,2
"366",2,2
"367",0,1
"368",0,0
"369",2,2
"370",0,0
"371",2,2
"372",2,1
"373",2,2
"374",0,1
"375",0,0
"376",0,0
"377",0,0
"378",2,2
"379",2,2
"380",2,2
"381",0,0
"382",0,0
"383",1,0
"384",0,0
"385",2,2
"386",0,0
"387",2,2
"388",0,0
"389",0,0
"390",1,2
"391",0,0
"392",1,1
"393",0,0
"394",1,1
"395",2,2
"396",0,0
"397",2,2
"398",0,0
"399",0,0
"400",0,1
"401",2,1
"402",2,2
"403",2,2
"404",0,0
"405",2,2
"406",1,1
"407",2,2
"408",0,1
"409",2,2
"410",0,0
"411",2,2
"412",2,2
"413",1,2
"414",0,0
"415",2,1
"416",0,0
"417",0,0
"418",2,2
"419",0,0
"420",0,0
"421",2,2
"422",0,0
"423",2,2
"424",1,1
"425",1,1
"426",2,2
"427",0,0
"428",0,0
"429",0,0
"430",2,2
"431",1,1
"432",0,0
"433",0,0
"434",0,0
"435",0,1
"436",2,2
"437",0,1
"438",2,2
"439",1,1
"440",2,2
"441",2,2
"442",1,2
"443",0,0
"444",2,0
"445",0,0
"446",0,0
"447",2,2
"448",2,2
"449",2,2
"450",2,2
"451",2,2
"452",2,2
"453",1,0
"454",0,0
"455",1,1
"456",0,0
"457",0,0
"458",2,2
"459",0,0
"460",2,2
"461",1,1
"462",1,0
"463",0,0
"464",2,2
"465",0,0
"466",0,0
"467",0,0
"468",1,0
"469",2,2
"470",2,2
"471",0,0
"472",0,0
"473",2,2
"474",2,2
"475",0,0
"476",1,1
"477",1,0
"478",2,2
"479",2,1
"480",2,0
"481",0,0
"482",2,2
"483",2,2
"484",1,1
"485",2,2
"486",1,2
"487",2,2
"488",0,0
"489",1,1
"490",0,0
"491",2,2
"492",2,2
"493",2,2
"494",0,1
"495",2,1
"496",0,0
"497",0,2
"498",0,0
"499",0,0
"500",0,0
"501",0,0
"502",1,1
"503",1,0
"504",0,0
"505",0,0
"506",1,1
"507",0,0
"508",1,1
"509",1,1
"510",1,2
"511",1,1
"512",0,0
"513",0,0
"514",0,0
"515",0,0
"516",0,0
"517",0,0
"518",1,2
"519",2,2
"520",0,0
"521",2,2
"522",0,0
"523",0,0
"524",2,2
"525",0,0
"526",1,0
"527",2,2
"528",2,2
"529",2,2
"530",0,0
"531",2,2
"532",2,2
"533",0,0
"534",2,2
"535",0,0
"536",2,2
"537",2,2
"538",1,1
"539",0,1
"540",1,0
"541",0,0
"542",2,2
"543",0,0
"544",0,0
"545",0,0
"546",2,2
"547",2,2
"548",0,0
"549",0,0
"550",1,2
"551",2,2
"552",2,2
"553",2,2
"554",2,2
"555",0,0
"556",2,2
"557",1,1
"558",0,0
"559",0,0
"560",0,0
"561",0,0
"562",2,2
"563",1,0
"564",2,2
"565",0,0
"566",2,2
"567",1,2
"568",1,0
"569",2,2
"570",0,0
"571",0,0
"572",1,2
"573",2,2
"574",0,0
"575",0,0
"576",0,0
"577",2,2
"578",2,2
"579",2,2
"580",1,1
"581",0,0
"582",0,1
"583",1,0
"584",0,0
"585",2,2
"586",2,2
"587",0,1
"588",2,2
"589",0,0
"590",2,1
"591",2,2
"592",2,2
"593",0,0
"594",0,0
"595",1,0
"596",0,0
"597",2,2
"598",0,1
"599",0,0
"600",2,2
"601",0,0
"602",2,2
"603",0,0
"604",0,2
"605",1,2
"606",1,1
"607",0,0
"608",2,1
"609",2,2
"610",1,1
"611",1,1
"612",1,0
"613",0,0
"614",1,1
"615",2,2
"616",0,0
"617",1,1
"618",0,0
"619",2,2
"620",2,2
"621",0,1
"622",2,2
"623",0,0
"624",0,0
"625",1,1
"626",1,2
"627",2,2
"628",2,2
"629",0,0
"630",0,0
"631",2,2
"632",0,0
"633",2,2
"634",0,0
"635",2,2
"636",0,0
"637",2,2
"638",2,2
"639",2,2
"640",0,0
"641",0,0
"642",0,0
"643",2,2
"644",2,1
"645",0,1
"646",0,0
"647",2,2
"648",0,0
"649",0,0
"650",0,0
"651",2,2
"652",0,0
"653",0,0
"654",0,0
"655",0,1
"656",0,0
"657",0,0
"658",2,2
"659",0,0
"660",1,2
"661",2,2
"662",1,1
"663",2,2
"664",2,1
"665",0,1
"666",2,2
"667",2,2
"668",2,2
"669",2,2
"670",0,0
"671",2,2
"672",1,1
"673",2,2
"674",2,2
"675",0,0
"676",2,2
"677",1,0
"678",2,2
"679",2,1
"680",2,2
"681",0,0
"682",0,0
"683",0,0
"684",0,0
"685",0,0
"686",1,1
"687",0,0
"688",1,2
"689",0,1
"690",0,0
"691",2,2
"692",0,0
"693",2,1
"694",0,0
"695",1,1
"696",2,2
"697",0,0
"698",1,1
"699",2,2
"700",1,0
"701",2,2
"702",2,2
"703",2,2
"704",2,2
"705",0,0
"706",2,2
"707",1,0
"708",2,2
"709",2,2
"710",0,0
"711",2,2
"712",2,2
"713",1,2
"714",0,0
"715",1,0
"716",0,0
"717",2,2
"718",1,2
"719",0,0
"720",0,0
"721",1,2
"722",2,2
"723",2,2
"724",0,0
"725",2,2
"726",0,0
"727",1,2
"728",1,0
"729",2,2
"730",2,2
"731",1,1
"732",0,0
"733",0,0
"734",0,0
"735",0,0
"736",2,2
"737",0,0
"738",1,1
"739",2,2
"740",2,2
"741",0,0
"742",0,0
"743",1,1
"744",2,2
"745",1,2
"746",2,2
"747",0,0
"748",0,0
"749",1,2
"750",2,2
"751",1,1
"752",0,0
"753",1,2
"754",2,2
"755",2,2
"756",2,2
"757",2,2
"758",0,0
"759",1,1
"760",0,0
"761",0,1
"762",0,0
"763",1,1
"764",2,2
"765",2,1
"766",0,0
"767",2,2
"768",2,2
"769",2,2
"770",0,0
"771",0,0
"772",2,1
"773",2,1
"774",2,1
"775",0,0
"776",1,1
"777",0,0
"778",0,0
"779",2,2
"780",1,1
"781",2,2
"782",2,2
"783",2,2
"784",2,2
"785",0,0
"786",0,0
"787",0,0
"788",1,2
"789",2,1
"790",0,0
"791",0,0
"792",0,0
"793",0,0
"794",1,0
"795",2,2
"796",0,0
"797",1,1
"798",2,2
"799",0,0
"800",2,2
"801",0,0
"802",0,0
"803",2,2
"804",1,0
"805",0,0
"806",2,2
"807",2,1
"808",2,2
"809",0,0
"810",2,2
"811",2,1
"812",2,2
"813",0,0
"814",0,1
"815",2,1
"816",2,2
"817",0,1
"818",2,2
"819",2,2
"820",0,0
"821",0,0
"822",1,0
"823",2,2
"824",0,0
"825",2,2
"826",2,2
"827",1,0
"828",0,0
"829",2,2
"830",2,2
"831",2,2
"832",0,0
"833",1,1
"834",0,1
"835",2,2
"836",2,2
"837",0,1
"838",0,0
"839",2,2
"840",1,1
"841",2,2
"842",1,0
"843",2,2
"844",2,1
"845",0,0
"846",0,0
"847",2,2
"848",2,0
"849",1,1
"850",0,0
"851",1,1
"852",1,1
"853",0,0
"854",2,2
"855",1,1
"856",0,1
"857",2,2
"858",2,2
"859",0,0
"860",0,0
"861",0,0
"862",1,0
"863",2,2
"864",2,2
"865",0,0
"866",1,0
"867",0,1
"868",0,0
"869",0,1
"870",0,0
"871",2,2
"872",0,0
"873",0,0
"874",0,0
"875",0,0
"876",0,0
"877",0,1
"878",0,0
"879",1,0
"880",1,1
"881",2,2
"882",0,0
"883",1,0
"884",2,2
"885",0,0
"886",0,0
"887",1,2
"888",0,0
"889",1,1
"890",0,1
"891",2,2
"892",2,2
"893",0,0
"894",2,2
"895",2,2
"896",2,2
"897",0,1
"898",0,1
"899",2,2
"900",0,0
"901",2,2
"902",1,1
"903",1,1
"904",0,0
"905",0,0
"906",0,1
"907",0,0
"908",2,2
"909",0,0
"910",2,1
"911",0,0
"912",0,0
"913",2,2
"914",2,2
"915",0,0
"916",0,0
"917",2,2
"918",0,0
"919",1,1
"920",0,0
"921",2,2
"922",1,0
"923",2,2
"924",0,0
"925",2,2
"926",0,0
"927",2,2
"928",0,0
"929",0,0
"930",2,2
"931",1,1
"932",2,2
"933",1,1
"934",1,2
"935",0,0
"936",2,1
"937",2,2
"938",2,1
"939",0,0
"940",0,0
"941",0,0
"942",0,0
"943",2,2
"944",0,0
"945",0,0
"946",0,0
"947",2,2
"948",2,2
"949",0,1
"950",0,0
"951",2,1
"952",2,2
"953",2,1
"954",0,0
"955",0,0
"956",1,1
"957",1,0
"958",0,0
"959",2,2
"960",2,2
"961",0,0
"962",2,2
"963",2,2
"964",2,2
"965",2,2
"966",2,2
"967",0,1
"968",0,0
"969",2,2
"970",2,2
"971",1,2
"972",1,0
"973",0,0
"974",2,2
"975",2,2
"976",0,0
"977",2,1
"978",2,2
"979",2,1
"980",0,0
"981",0,0
"982",2,2
"983",0,0
"984",0,0
"985",2,1
"986",2,2
"987",0,0
"988",1,1
"989",0,0
"990",0,2
"991",2,2
"992",1,1
"993",2,2
"994",0,0
"995",2,2
"996",0,0
"997",1,1
"998",0,0
"999",0,0
"1000",2,2
"1001",0,1
"1002",1,0
"1003",0,1
"1004",0,0
"1005",2,2
"1006",0,0
"1007",0,0
"1008",2,1
"1009",1,2
"1010",0,0
"1011",2,2
"1012",2,2
"1013",0,0
"1014",2,2
"1015",0,0
"1016",0,1
"1017",2,2
"1018",0,0
"1019",2,2
"1020",2,2
"1021",0,1
"1022",0,0
"1023",0,0
"1024",2,2
"1025",0,0
"1026",1,0
"1027",0,0
"1028",0,0
"1029",1,1
"1030",0,0
"1031",1,1
"1032",2,2
"1033",0,0
"1034",2,2
"1035",2,2
"1036",2,2
"1037",0,1
"1038",0,1
"1039",0,0
"1040",0,0
"1041",2,1
"1042",2,2
"1043",2,2
"1044",0,0
"1045",2,2
"1046",0,1
"1047",0,0
"1048",0,0
"1049",0,0
"1050",1,1
"1051",1,0
"1052",0,0
"1053",1,1
"1054",2,1
"1055",1,1
"1056",1,1
"1057",0,0
"1058",1,0
"1059",2,2
"1060",0,0
"1061",0,0
"1062",0,0
"1063",2,2
"1064",2,2
"1065",1,1
"1066",2,1
"1067",1,1
"1068",2,2
"1069",1,0
"1070",1,1
"1071",2,2
"1072",2,2
"1073",0,0
"1074",0,0
"1075",0,0
"1076",0,1
"1077",1,0
"1078",1,2
"1079",1,1
"1080",0,0
"1081",2,2
"1082",2,2
"1083",2,2
"1084",0,0
"1085",2,2
"1086",2,2
"1087",0,0
"1088",0,0
"1089",2,2
"1090",2,2
"1091",1,0
"1092",1,1
"1093",0,0
"1094",2,1
"1095",2,2
"1096",2,2
"1097",0,0
"1098",2,2
"1099",2,2
"1100",0,0
"1101",2,2
"1102",0,0
"1103",1,0
"1104",0,0
"1105",0,0
"1106",0,0
"1107",0,0
"1108",2,2
"1109",0,0
"1110",2,2
"1111",0,0
"1112",0,0
"1113",0,1
"1114",1,2
"1115",2,1
"1116",2,2
"1117",1,0
"1118",2,1
"1119",1,2
"1120",0,0
"1121",2,1
"1122",2,2
"1123",0,0
"1124",2,2
"1125",1,1
"1126",1,1
"1127",0,0
"1128",0,0
"1129",0,0
"1130",0,0
"1131",2,2
"1132",0,0
"1133",2,2
"1134",1,2
"1135",2,2
"1136",1,1
"1137",0,0
"1138",2,2
"1139",2,1
"1140",1,2
"1141",0,0
"1142",2,2
"1143",2,2
"1144",0,0
"1145",0,0
"1146",2,2
"1147",0,0
"1148",2,2
"1149",2,2
"1150",0,0
"1151",0,0
"1152",0,0
"1153",2,2
"1154",1,1
"1155",0,0
"1156",2,2
"1157",0,0
"1158",0,0
"1159",0,0
"1160",2,2
"1161",0,0
"1162",0,0
"1163",2,2
"1164",0,0
"1165",1,1
"1166",2,2
"1167",2,2
"1168",0,0
"1169",2,1
"1170",2,2
"1171",2,1
"1172",2,2
"1173",2,2
"1174",0,0
"1175",2,2
"1176",0,0
"1177",2,2
"1178",0,0
"1179",2,1
"1180",1,0
"1181",1,1
"1182",0,1
"1183",0,0
"1184",0,0
"1185",2,2
"1186",2,2
"1187",2,2
"1188",0,0
"1189",2,2
"1190",1,2
"1191",2,2
"1192",2,2
"1193",2,1
"1194",0,0
"1195",1,0
"1196",2,2
"1197",0,0
"1198",1,1
"1199",2,1
"1200",2,2
"1201",0,0
"1202",1,0
"1203",0,0
"1204",1,1
"1205",2,2
"1206",2,2
"1207",1,0
"1208",2,2
"1209",0,0
"1210",2,1
"1211",0,0
"1212",2,2
"1213",1,2
"1214",1,1
"1215",2,2
"1216",0,0
"1217",1,1
"1218",2,2
"1219",0,0
"1220",0,0
"1221",2,2
"1222",2,2
"1223",0,0
"1224",0,0
"1225",0,0
"1226",0,0
"1227",1,1
"1228",0,0
"1229",2,2
"1230",0,0
"1231",0,0
"1232",1,1
"1233",1,1
"1234",0,1
"1235",2,2
"1236",2,2
"1237",1,0
"1238",0,0
"1239",2,2
"1240",1,0
"1241",1,1
"1242",2,2
"1243",2,2
"1244",0,0
"1245",0,0
"1246",0,0
"1247",2,1
"1248",2,2
"1249",1,1
"1250",2,2
"1251",1,2
"1252",2,2
"1253",0,0
"1254",1,0
"1255",1,1
"1256",2,2
"1257",2,2
"1258",2,2
"1259",0,0
"1260",0,0
"1261",1,0
"1262",2,2
"1263",2,2
"1264",1,2
"1265",0,0
"1266",0,0
"1267",2,2
"1268",2,2
"1269",0,0
"1270",0,0
"1271",2,1
"1272",0,0
"1273",0,0
"1274",2,1
"1275",2,2
"1276",0,0
"1277",1,2
"1278",1,2
"1279",0,0
"1280",2,2
"1281",0,0
"1282",0,0
"1283",1,0
"1284",2,2
"1285",1,1
"1286",1,1
"1287",0,1
"1288",0,0
"1289",2,2
"1290",0,0
"1291",0,0
"1292",2,2
"1293",2,2
"1294",2,2
"1295",2,2
"1296",2,2
"1297",0,0
"1298",1,0
"1299",2,2
"1300",2,2
"1301",0,1
"1302",2,0
"1303",2,1
"1304",1,0
"1305",0,1
"1306",2,1
"1307",1,2
"1308",0,0
"1309",0,0
"1310",0,1
"1311",0,0
"1312",2,2
"1313",0,0
"1314",2,2
"1315",2,2
"1316",2,2
"1317",0,0
"1318",0,0
"1319",0,0
"1320",0,0
"1321",0,0
"1322",2,2
"1323",0,1
"1324",0,0
"1325",2,2
"1326",0,0
"1327",0,0
"1328",0,0
"1329",0,0
"1330",0,0
"1331",2,2
"1332",0,0
"1333",1,0
"1334",2,2
"1335",2,2
"1336",2,2
"1337",2,2
"1338",2,2
"1339",0,0
"1340",2,1
"1341",0,0
"1342",0,0
"1343",2,2
"1344",2,2
"1345",0,0
"1346",1,1
"1347",0,0
"1348",0,0
"1349",0,0
"1350",0,0
"1351",1,1
"1352",2,2
"1353",0,0
"1354",1,2
"1355",0,0
"1356",0,1
"1357",2,2
"1358",0,0
"1359",0,0
"1360",0,0
"1361",2,2
"1362",0,0
"1363",0,0
"1364",0,0
"1365",0,0
"1366",2,2
"1367",1,1
"1368",0,0
"1369",2,2
"1370",2,2
"1371",1,2
"1372",1,1
"1373",2,2
"1374",0,0
"1375",1,0
"1376",0,0
"1377",0,0
"1378",2,2
"1379",2,2
"1380",2,2
"1381",2,2
"1382",2,2
"1383",0,1
"1384",0,0
"1385",2,2
"1386",2,2
"1387",2,2
"1388",2,2
"1389",0,0
"1390",0,0
"1391",1,1
"1392",1,0
"1393",1,1
"1394",2,2
"1395",1,1
"1396",0,0
"1397",2,2
"1398",0,0
"1399",2,2
"1400",2,2
"1401",1,1
"1402",0,0
"1403",0,0
"1404",2,2
"1405",0,0
"1406",2,2
"1407",0,0
"1408",0,0
"1409",2,2
"1410",2,2
"1411",2,1
"1412",0,2
"1413",2,2
"1414",2,2
"1415",2,2
"1416",2,2
"1417",0,0
"1418",2,2
"1419",0,0
"1420",2,2
"1421",0,0
"1422",2,2
"1423",0,1
"1424",1,1
"1425",2,2
"1426",0,0
"1427",2,2
"1428",1,1
"1429",2,1
"1430",2,2
"1431",1,1
"1432",0,0
"1433",1,1
"1434",1,0
"1435",2,2
"1436",0,0
"1437",1,1
"1438",1,1
"1439",2,2
"1440",0,0
"1441",0,0
"1442",0,0
"1443",0,0
"1444",2,2
"1445",0,0
"1446",0,0
"1447",2,1
"1448",0,0
"1449",2,2
"1450",0,0
"1451",1,1
"1452",0,0
"1453",0,0
"1454",0,0
"1455",0,0
"1456",0,1
"1457",2,2
"1458",0,0
"1459",2,2
"1460",2,1
"1461",1,0
"1462",1,1
"1463",2,2
"1464",1,1
"1465",1,1
"1466",0,0
"1467",2,2
"1468",2,2
"1469",0,0
"1470",2,2
"1471",1,1
"1472",0,0
"1473",2,1
"1474",1,1
"1475",0,0
"1476",2,2
"1477",0,0
"1478",2,2
"1479",2,2
"1480",2,2
"1481",2,2
"1482",0,0
"1483",2,2
"1484",2,2
"1485",0,0
"1486",0,0
"1487",0,0
"1488",2,2
"1489",0,0
"1490",0,0
"1491",2,1
"1492",2,2
"1493",2,1
"1494",2,2
"1495",0,0
"1496",2,2
"1497",2,2
"1498",2,2
"1499",2,1
"1500",0,1
"1501",1,1
"1502",1,1
"1503",2,2
"1504",0,0
"1505",0,0
"1506",1,0
"1507",2,2
"1508",2,2
"1509",0,0
"1510",0,0
"1511",0,0
"1512",0,0
"1513",0,0
"1514",1,2
"1515",0,0
"1516",2,2
"1517",0,0
"1518",0,0
"1519",0,0
"1520",0,0
"1521",2,2
"1522",2,2
"1523",2,2
"1524",0,0
"1525",1,2
"1526",2,2
"1527",1,0
"1528",0,0
"1529",2,2
"1530",2,1
"1531",0,2
"1532",0,0
"1533",2,2
"1534",2,2
"1535",0,0
"1536",0,0
"1537",1,1
"1538",0,1
"1539",0,0
"1540",0,1
"1541",2,2
"1542",0,0
"1543",1,2
"1544",0,2
"1545",1,1
"1546",0,0
"1547",0,0
"1548",2,2
"1549",1,1
"1550",2,2
"1551",0,0
"1552",0,0
"1553",0,1
"1554",0,0
"1555",2,2
"1556",2,2
"1557",0,0
"1558",2,2
"1559",2,2
"1560",1,2
"1561",2,2
"1562",2,2
"1563",0,0
"1564",0,0
"1565",1,0
"1566",2,1
"1567",0,0
"1568",0,0
"1569",0,0
"1570",0,0
"1571",0,0
"1572",2,2
"1573",0,0
"1574",2,2
"1575",1,0
"1576",1,1
"1577",0,0
"1578",1,2
"1579",2,1
"1580",2,2
"1581",2,1
"1582",2,2
"1583",2,2
"1584",1,1
"1585",0,0
"1586",1,1
"1587",0,1
"1588",2,2
"1589",1,0
"1590",1,2
"1591",1,1
"1592",0,0
"1593",0,0
"1594",0,1
"1595",0,0
"1596",0,0
"1597",1,1
"1598",0,0
"1599",2,2
"1600",0,0
"1601",0,0
"1602",1,0
"1603",0,0
"1604",2,2
"1605",1,0
"1606",0,0
"1607",0,0
"1608",0,0
"1609",0,0
"1610",2,2
"1611",2,2
"1612",2,2
"1613",1,1
"1614",2,2
"1615",1,0
"1616",2,2
"1617",0,0
"1618",2,2
"1619",0,0
"1620",0,0
"1621",0,0
"1622",0,0
"1623",0,0
"1624",0,0
"1625",0,1
"1626",2,2
"1627",0,0
"1628",0,0
"1629",2,2
"1630",2,2
"1631",0,2
"1632",2,2
"1633",0,0
"1634",0,0
"1635",0,0
"1636",2,2
"1637",0,1
"1638",2,2
"1639",1,0
"1640",2,1
"1641",2,2
"1642",0,0
"1643",2,2
"1644",2,2
"1645",2,2
"1646",2,2
"1647",1,0
"1648",0,0
"1649",0,0
"1650",1,1
"1651",0,0
"1652",0,0
"1653",2,2
"1654",0,0
"1655",0,0
"1656",0,0
"1657",0,0
"1658",1,1
"1659",2,2
"1660",1,2
"1661",1,1
"1662",0,0
"1663",2,2
"1664",0,0
"1665",0,0
"1666",0,0
"1667",2,1
"1668",1,1
"1669",2,2
"1670",1,1
"1671",2,2
"1672",2,1
"1673",2,2
"1674",0,0
"1675",0,0
"1676",2,2
"1677",1,2
"1678",2,2
"1679",1,1
"1680",1,0
"1681",1,2
"1682",0,0
"1683",2,2
"1684",0,0
"1685",1,1
"1686",0,0
"1687",1,1
"1688",0,0
"1689",0,0
"1690",1,0
"1691",2,2
"1692",1,1
"1693",1,1
"1694",2,2
"1695",2,1
"1696",2,2
"1697",0,0
"1698",0,0
"1699",2,2
"1700",0,1
"1701",0,0
"1702",1,1
"1703",2,2
"1704",1,0
"1705",2,2
"1706",2,2
"1707",2,2
"1708",0,0
"1709",0,0
"1710",0,0
"1711",2,2
"1712",0,0
"1713",2,2
"1714",1,0
"1715",0,0
"1716",0,1
"1717",2,2
"1718",0,0
"1719",0,0
"1720",2,2
"1721",2,2
"1722",0,0
"1723",2,2
"1724",0,2
"1725",0,0
"1726",0,0
"1727",1,0
"1728",1,0
"1729",0,0
"1730",0,0
"1731",2,2
"1732",1,1
"1733",1,2
"1734",0,1
"1735",0,0
"1736",1,0
"1737",2,2
"1738",1,1
"1739",0,0
"1740",0,0
"1741",1,1
"1742",0,0
"1743",0,0
"1744",2,2
"1745",2,2
"1746",0,0
"1747",1,2
"1748",0,0
"1749",0,0
"1750",1,0
"1751",2,2
"1752",1,0
"1753",0,0
"1754",0,0
"1755",0,0
"1756",0,0
"1757",0,0
"1758",0,0
"1759",2,2
"1760",2,2
"1761",2,2
"1762",1,1
"1763",2,2
"1764",1,1
"1765",0,0
"1766",2,2
"1767",2,2
"1768",2,2
"1769",1,1
"1770",2,2
"1771",0,0
"1772",2,1
"1773",2,2
"1774",2,2
"1775",1,1
"1776",0,0
"1777",1,1
"1778",0,0
"1779",0,1
"1780",2,1
"1781",2,2
"1782",2,2
"1783",0,0
"1784",0,1
"1785",0,2
"1786",2,2
"1787",0,0
"1788",2,2
"1789",0,0
"1790",2,2
"1791",0,0
"1792",2,2
"1793",2,2
"1794",2,2
"1795",0,0
"1796",2,2
"1797",0,0
"1798",2,2
"1799",0,0
"1800",2,2
"1801",0,0
"1802",2,2
"1803",2,2
"1804",2,2
"1805",2,2
"1806",2,2
"1807",0,0
"1808",2,2
"1809",1,1
"1810",2,2
"1811",2,2
"1812",0,0
"1813",2,2
"1814",2,2
"1815",1,1
"1816",0,0
"1817",2,2
"1818",0,0
"1819",0,0
"1820",2,2
"1821",0,0
"1822",2,2
"1823",2,2
"1824",2,0
"1825",2,2
"1826",0,0
"1827",0,0
"1828",0,2
"1829",1,0
"1830",0,0
"1831",2,2
"1832",2,1
"1833",1,1
"1834",2,2
"1835",2,2
"1836",2,2
"1837",2,2
"1838",2,2
"1839",0,0
"1840",0,0
"1841",0,0
"1842",0,0
"1843",2,2
"1844",1,2
"1845",2,2
"1846",0,0
"1847",2,2
"1848",0,0
"1849",2,2
"1850",0,0
"1851",0,0
"1852",1,1
"1853",0,0
"1854",0,0
"1855",2,2
"1856",0,0
"1857",2,2
"1858",2,2
"1859",0,0
"1860",2,2
"1861",0,1
"1862",0,0
"1863",2,2
"1864",2,2
"1865",0,0
"1866",2,2
"1867",0,0
"1868",0,0
"1869",2,2
"1870",0,0
"1871",0,0
"1872",0,0
"1873",0,0
"1874",2,2
"1875",0,0
"1876",2,0
"1877",0,0
"1878",2,2
"1879",0,0
"1880",2,1
"1881",2,2
"1882",0,0
"1883",1,1
"1884",1,1
"1885",1,1
"1886",2,2
"1887",2,2
"1888",2,2
"1889",2,2
"1890",0,0
"1891",2,2
"1892",0,1
"1893",0,0
"1894",0,1
"1895",0,1
"1896",0,1
"1897",0,0
"1898",1,0
"1899",2,2
"1900",2,2
"1901",2,2
"1902",2,2
"1903",2,2
"1904",2,2
"1905",0,0
"1906",2,2
"1907",1,2
"1908",1,1
"1909",2,0
"1910",2,2
"1911",0,0
"1912",0,0
"1913",1,0
"1914",0,0
"1915",1,2
"1916",2,1
"1917",0,1
"1918",2,2
"1919",1,1
"1920",0,1
"1921",0,0
"1922",2,2
"1923",1,1
"1924",1,0
"1925",1,2
"1926",1,0
"1927",2,2
"1928",0,1
"1929",1,2
"1930",2,2
"1931",0,1
"1932",0,0
"1933",2,1
"1934",0,0
"1935",0,0
"1936",2,2
"1937",0,0
"1938",2,1
"1939",0,0
"1940",2,1
"1941",2,2
"1942",0,0
"1943",2,2
"1944",2,2
"1945",2,2
"1946",1,1
"1947",0,1
"1948",2,2
"1949",0,0
"1950",2,2
"1951",0,0
"1952",2,2
"1953",1,1
"1954",0,0
"1955",2,1
"1956",2,2
"1957",2,2
"1958",1,1
"1959",2,2
"1960",2,2
"1961",1,1
"1962",1,1
"1963",2,1
"1964",2,2
"1965",0,0
"1966",2,2
"1967",2,2
"1968",0,0
"1969",2,2
"1970",0,0
"1971",2,2
"1972",0,0
"1973",2,2
"1974",2,2
"1975",2,2
"1976",2,2
"1977",0,0
"1978",2,2
"1979",1,0
"1980",0,0
"1981",0,0
"1982",0,0
"1983",0,1
"1984",0,0
"1985",2,2
"1986",0,1
"1987",0,0
"1988",0,0
"1989",0,0
"1990",2,2
"1991",2,2
"1992",0,0
"1993",0,0
"1994",2,2
"1995",1,2
"1996",1,1
"1997",2,2
"1998",0,0
"1999",1,2
"2000",0,0
"2001",1,1
"2002",0,0
"2003",2,2
"2004",0,0
"2005",0,0
"2006",1,2
"2007",0,0
"2008",0,0
"2009",1,1
"2010",2,1
"2011",0,0
"2012",2,2
"2013",0,0
"2014",0,0
"2015",0,0
"2016",2,2
"2017",2,2
"2018",2,2
"2019",2,2
"2020",0,0
"2021",1,2
"2022",2,2
"2023",2,2
"2024",0,0
"2025",0,0
"2026",0,0
"2027",2,2
"2028",1,0
"2029",2,2
"2030",1,1
"2031",2,2
"2032",2,2
"2033",0,0
"2034",0,1
"2035",0,0
"2036",2,2
"2037",2,2
"2038",0,0
"2039",0,0
"2040",0,0
"2041",2,2
"2042",0,0
"2043",1,1
"2044",1,2
"2045",2,2
"2046",1,1
"2047",1,1
"2048",1,0
"2049",1,1
"2050",0,0
"2051",0,0
"2052",0,0
"2053",0,0
"2054",2,2
"2055",0,0
"2056",2,2
"2057",2,2
"2058",1,1
"2059",2,2
"2060",2,2
"2061",2,2
"2062",0,0
"2063",1,0
"2064",0,0
"2065",2,2
"2066",0,0
"2067",2,2
"2068",2,2
"2069",2,2
"2070",2,1
"2071",1,0
"2072",0,0
"2073",2,2
"2074",2,2
"2075",2,1
"2076",1,1
"2077",0,0
"2078",0,0
"2079",0,0
"2080",2,2
"2081",0,0
"2082",0,0
"2083",1,1
"2084",0,0
"2085",2,2
"2086",2,1
"2087",0,0
"2088",1,2
"2089",2,2
"2090",2,2
"2091",1,0
"2092",0,0
"2093",0,0
"2094",1,1
"2095",2,2
"2096",2,2
"2097",2,2
"2098",0,0
"2099",2,2
"2100",2,2
"2101",1,1
"2102",0,0
"2103",2,2
"2104",0,0
"2105",0,0
"2106",0,0
"2107",1,2
"2108",1,1
"2109",0,0
"2110",2,2
"2111",0,0
"2112",2,2
"2113",0,0
"2114",2,2
"2115",2,1
"2116",2,2
"2117",2,2
"2118",1,1
"2119",0,0
"2120",1,2
"2121",2,2
"2122",1,1
"2123",0,1
"2124",2,2
"2125",0,0
"2126",2,2
"2127",0,1
"2128",2,2
"2129",2,2
"2130",0,0
"2131",0,0
"2132",0,0
"2133",0,0
"2134",0,0
"2135",0,0
"2136",1,1
"2137",1,1
"2138",1,1
"2139",1,1
"2140",0,0
"2141",0,1
"2142",0,0
"2143",1,1
"2144",0,0
"2145",2,2
"2146",2,2
"2147",0,0
"2148",0,1
"2149",2,2
"2150",0,1
"2151",0,0
"2152",2,2
"2153",1,2
"2154",2,2
"2155",2,1
"2156",2,2
"2157",0,0
"2158",0,0
"2159",2,2
"2160",1,1
"2161",2,2
"2162",0,0
"2163",2,2
"2164",2,2
"2165",0,0
"2166",2,2
"2167",0,0
"2168",2,2
"2169",2,2
"2170",2,1
"2171",2,1
"2172",0,0
"2173",0,0
"2174",2,2
"2175",0,0
"2176",0,1
"2177",0,0
"2178",2,2
"2179",1,1
"2180",2,1
"2181",2,1
"2182",0,0
"2183",0,0
"2184",2,2
"2185",2,2
"2186",2,2
"2187",0,1
"2188",2,2
"2189",2,1
"2190",0,0
"2191",2,2
"2192",1,2
"2193",2,2
"2194",1,1
"2195",0,0
"2196",1,2
"2197",0,0
"2198",2,2
"2199",0,0
"2200",1,1
"2201",1,2
"2202",2,2
"2203",2,2
"2204",2,1
"2205",0,0
"2206",0,0
"2207",2,2
"2208",0,0
"2209",0,0
"2210",2,2
"2211",0,0
"2212",2,2
"2213",0,1
"2214",2,2
"2215",0,0
"2216",0,1
"2217",0,0
"2218",1,1
"2219",0,0
"2220",2,2
"2221",0,0
"2222",0,0
"2223",2,2
"2224",0,0
"2225",1,0
"2226",1,2
"2227",2,2
"2228",0,0
"2229",2,1
"2230",2,2
"2231",0,1
"2232",0,0
"2233",0,0
"2234",2,2
"2235",0,0
"2236",0,0
"2237",0,0
"2238",2,2
"2239",2,2
"2240",1,0
"2241",0,0
"2242",2,2
"2243",0,0
"2244",2,2
"2245",2,2
"2246",1,0
"2247",1,2
"2248",2,1
"2249",0,1
"2250",0,1
"2251",0,0
"2252",2,2
"2253",1,0
"2254",2,2
"2255",0,2
"2256",0,0
"2257",1,0
"2258",0,0
"2259",0,0
"2260",0,1
"2261",2,2
"2262",0,0
"2263",2,2
"2264",2,2
"2265",0,0
"2266",1,0
"2267",0,0
"2268",0,0
"2269",2,2
"2270",2,2
"2271",0,0
"2272",2,2
"2273",0,0
"2274",1,0
"2275",0,0
"2276",0,0
"2277",1,0
"2278",1,1
"2279",0,1
"2280",1,2
"2281",2,2
"2282",0,0
"2283",1,1
"2284",2,1
"2285",2,2
"2286",2,2
"2287",0,0
"2288",2,2
"2289",0,0
"2290",2,2
"2291",2,2
"2292",2,2
"2293",1,1
"2294",2,2
"2295",2,2
"2296",0,0
"2297",2,2
"2298",2,2
"2299",0,0
"2300",2,2
"2301",2,2
"2302",2,2
"2303",0,1
"2304",1,2
"2305",0,0
"2306",2,2
"2307",2,2
"2308",0,0
"2309",2,2
"2310",0,0
"2311",2,2
"2312",1,2
"2313",2,2
"2314",0,1
"2315",2,2
"2316",0,0
"2317",2,2
"2318",1,0
"2319",2,2
"2320",2,2
"2321",2,2
"2322",1,1
"2323",0,0
"2324",0,0
"2325",2,2
"2326",0,1
"2327",0,0
"2328",2,2
"2329",1,2
"2330",1,2
"2331",0,0
"2332",2,2
"2333",2,1
"2334",0,0
"2335",2,2
"2336",1,1
"2337",0,0
"2338",0,2
"2339",0,0
"2340",2,1
"2341",2,2
"2342",1,1
"2343",2,2
"2344",0,0
"2345",0,0
"2346",2,2
"2347",1,1
"2348",0,0
"2349",0,0
"2350",2,2
"2351",1,1
"2352",1,0
"2353",0,0
"2354",2,2
"2355",1,1
"2356",0,0
"2357",0,0
"2358",1,1
"2359",0,0
"2360",2,1
"2361",2,2
"2362",1,1
"2363",1,0
"2364",2,2
"2365",2,2
"2366",0,0
"2367",2,2
"2368",0,0
"2369",2,2
"2370",2,2
"2371",0,0
"2372",1,0
"2373",2,2
"2374",2,2
"2375",1,1
"2376",0,1
"2377",2,2
"2378",0,0
"2379",0,1
"2380",1,1
"2381",0,0
"2382",0,1
"2383",2,1
"2384",0,1
"2385",2,2
"2386",2,2
"2387",2,2
"2388",0,0
"2389",0,0
"2390",2,2
"2391",0,0
"2392",2,2
"2393",1,0
"2394",0,0
"2395",1,2
"2396",0,1
"2397",0,0
"2398",1,0
"2399",0,0
"2400",2,2
"2401",2,2
"2402",2,2
"2403",1,1
"2404",1,1
"2405",2,2
"2406",0,1
"2407",1,1
"2408",2,1
"2409",2,2
"2410",1,0
"2411",1,1
"2412",2,2
"2413",1,1
"2414",2,2
"2415",0,1
"2416",1,1
"2417",0,0
"2418",0,0
"2419",0,0
"2420",0,0
"2421",0,0
"2422",2,2
"2423",0,0
"2424",2,2
"2425",1,2
"2426",0,0
"2427",2,2
"2428",0,0
"2429",0,0
"2430",2,2
"2431",0,0
"2432",2,2
"2433",2,2
"2434",2,2
"2435",0,0
"2436",2,2
"2437",1,2
"2438",0,1
"2439",2,2
"2440",2,2
"2441",2,2
"2442",2,2
"2443",2,2
"2444",0,1
"2445",0,0
"2446",2,2
"2447",0,0
"2448",1,1
"2449",0,0
"2450",1,0
"2451",1,1
"2452",0,0
"2453",2,2
"2454",2,2
"2455",0,0
"2456",2,2
"2457",1,0
"2458",2,2
"2459",2,2
"2460",2,2
"2461",0,1
"2462",0,0
"2463",0,0
"2464",0,0
"2465",1,2
"2466",2,2
"2467",1,2
"2468",0,0
"2469",0,0
"2470",0,0
"2471",2,2
"2472",0,0
"2473",0,2
"2474",1,0
"2475",0,0
"2476",2,2
"2477",2,2
"2478",1,1
"2479",0,0
"2480",0,0
"2481",0,0
"2482",0,0
"2483",0,0
"2484",0,0
"2485",1,0
"2486",0,0
"2487",2,2
"2488",1,0
"2489",1,1
"2490",2,2
"2491",1,2
"2492",2,2
"2493",0,0
"2494",0,0
"2495",2,2
"2496",2,2
"2497",0,0
"2498",2,2
"2499",2,2
"2500",1,1
"2501",1,2
"2502",0,0
"2503",2,2
"2504",0,0
"2505",2,2
"2506",1,0
"2507",0,0
"2508",0,0
"2509",0,0
"2510",2,2
"2511",2,1
"2512",0,0
"2513",2,2
"2514",2,2
"2515",0,0
"2516",2,2
"2517",1,0
"2518",2,2
"2519",2,2
"2520",0,0
"2521",2,2
"2522",0,0
"2523",0,0
"2524",2,2
"2525",2,2
"2526",0,1
"2527",2,2
"2528",2,2
"2529",2,1
"2530",1,1
"2531",1,0
"2532",0,0
"2533",0,0
"2534",2,2
"2535",0,0
"2536",2,2
"2537",2,1
"2538",1,1
"2539",0,1
"2540",0,0
"2541",2,2
"2542",2,2
"2543",2,2
"2544",0,0
"2545",0,0
"2546",0,0
"2547",0,0
"2548",2,2
"2549",2,1
"2550",0,0
"2551",2,2
"2552",2,1
"2553",0,0
"2554",0,0
"2555",0,0
"2556",0,0
"2557",2,2
"2558",2,2
"2559",0,0
"2560",2,2
"2561",0,1
"2562",2,2
"2563",1,0
"2564",0,0
"2565",0,0
"2566",2,1
"2567",0,0
"2568",0,0
"2569",2,2
"2570",0,0
"2571",2,2
"2572",0,0
"2573",2,2
"2574",2,2
"2575",2,2
"2576",0,0
"2577",0,1
"2578",2,2
"2579",2,1
"2580",0,0
"2581",2,2
"2582",0,0
"2583",1,0
"2584",0,0
"2585",2,2
"2586",0,0
"2587",0,0
"2588",1,1
"2589",2,2
"2590",2,2
"2591",0,0
"2592",1,0
"2593",2,1
"2594",0,0
"2595",0,0
"2596",0,0
"2597",0,0
"2598",2,2
"2599",0,0
"2600",2,2
"2601",2,1
"2602",2,2
"2603",1,1
"2604",2,2
"2605",2,2
"2606",1,1
"2607",2,2
"2608",0,0
"2609",2,2
"2610",0,0
"2611",0,2
"2612",0,0
"2613",2,2
"2614",2,2
"2615",2,2
"2616",0,0
"2617",0,0
"2618",0,1
"2619",2,2
"2620",1,0
"2621",0,0
"2622",2,2
"2623",0,1
"2624",0,0
"2625",0,0
"2626",0,0
"2627",2,2
"2628",0,0
"2629",2,1
"2630",1,2
"2631",2,2
"2632",2,2
"2633",2,2
"2634",2,2
"2635",0,0
"2636",0,0
"2637",2,2
"2638",2,2
"2639",0,0
"2640",0,0
"2641",0,0
"2642",2,2
"2643",0,0
"2644",1,0
"2645",2,1
"2646",1,0
"2647",2,2
"2648",0,0
"2649",0,1
"2650",0,0
"2651",1,1
"2652",1,0
"2653",2,2
"2654",1,1
"2655",0,0
"2656",0,0
"2657",0,0
"2658",0,0
"2659",2,2
"2660",2,1
"2661",2,2
"2662",0,0
"2663",0,0
"2664",1,1
"2665",0,0
"2666",1,1
"2667",2,2
"2668",2,2
"2669",2,2
"2670",0,0
"2671",2,2
"2672",0,0
"2673",0,0
"2674",2,2
"2675",1,1
"2676",2,2
"2677",0,0
"2678",1,0
"2679",2,2
"2680",1,2
"2681",0,1
"2682",1,1
"2683",0,0
"2684",0,0
"2685",0,0
"2686",0,0
"2687",2,2
"2688",2,2
"2689",2,2
"2690",1,2
"2691",1,1
"2692",2,2
"2693",2,2
"2694",0,1
"2695",2,2
"2696",0,0
"2697",2,2
"2698",1,1
"2699",0,0
"2700",0,0
"2701",2,2
"2702",2,2
"2703",2,2
"2704",2,2
"2705",0,0
"2706",1,1
"2707",0,0
"2708",2,2
"2709",2,2
"2710",2,2
"2711",0,0
"2712",2,1
"2713",2,2
"2714",2,2
"2715",0,0
"2716",2,2
"2717",0,0
"2718",2,2
"2719",0,0
"2720",0,0
"2721",2,2
"2722",2,2
"2723",1,0
"2724",2,2
"2725",0,0
"2726",0,0
"2727",0,1
"2728",0,0
"2729",2,2
"2730",2,2
"2731",2,2
"2732",0,0
"2733",2,2
"2734",0,0
"2735",0,0
"2736",0,0
"2737",0,0
"2738",1,1
"2739",0,0
"2740",2,2
"2741",1,1
"2742",2,1
"2743",1,1
"2744",2,2
"2745",0,0
"2746",0,0
"2747",2,2
"2748",2,2
"2749",2,2
"2750",1,1
"2751",2,2
"2752",0,0
"2753",2,2
"2754",0,0
"2755",0,0
"2756",2,2
"2757",2,2
"2758",0,0
"2759",0,0
"2760",2,2
"2761",0,0
"2762",2,2
"2763",1,0
"2764",2,2
"2765",0,1
"2766",2,2
"2767",1,0
"2768",0,0
"2769",1,1
"2770",2,2
"2771",0,1
"2772",2,2
"2773",2,2
"2774",2,2
"2775",2,2
"2776",2,2
"2777",2,2
"2778",0,0
"2779",0,0
"2780",2,2
"2781",0,1
"2782",2,2
"2783",2,2
"2784",0,0
"2785",2,2
"2786",0,0
"2787",2,2
"2788",0,0
"2789",2,2
"2790",2,2
"2791",2,2
"2792",2,2
"2793",2,2
"2794",2,2
"2795",2,2
"2796",0,0
"2797",2,2
"2798",2,2
"2799",0,1
"2800",2,2
"2801",2,2
"2802",0,0
"2803",2,2
"2804",0,2
"2805",0,0
"2806",1,1
"2807",2,2
"2808",0,0
"2809",1,2
"2810",0,0
"2811",2,2
"2812",2,2
"2813",0,0
"2814",2,2
"2815",0,0
"2816",2,2
"2817",2,2
"2818",2,2
"2819",0,1
"2820",0,0
"2821",2,2
"2822",1,0
"2823",1,1
"2824",2,2
"2825",1,2
"2826",0,0
"2827",2,2
"2828",0,1
"2829",2,2
"2830",0,0
"2831",0,0
"2832",2,1
"2833",0,0
"2834",0,2
"2835",0,0
"2836",0,1
"2837",2,2
"2838",0,0
"2839",1,1
"2840",1,2
"2841",0,0
"2842",2,2
"2843",1,2
"2844",0,0
"2845",2,2
"2846",2,2
"2847",0,0
"2848",2,2
"2849",0,1
"2850",0,0
"2851",0,1
"2852",2,1
"2853",1,1
"2854",0,0
"2855",0,0
"2856",2,2
"2857",0,0
"2858",2,1
"2859",0,0
"2860",0,0
"2861",2,2
"2862",0,0
"2863",2,2
"2864",0,0
"2865",0,0
"2866",1,1
"2867",1,2
"2868",2,2
"2869",0,0
"2870",1,0
"2871",1,0
"2872",2,2
"2873",2,2
"2874",2,1
"2875",1,0
"2876",0,0
"2877",2,2
"2878",2,2
"2879",0,0
"2880",0,2
"2881",0,0
"2882",2,2
"2883",0,0
"2884",2,2
"2885",2,2
"2886",0,1
"2887",0,0
"2888",1,0
"2889",0,0
"2890",0,0
"2891",2,2
"2892",2,2
"2893",0,1
"2894",0,0
"2895",0,0
"2896",0,0
"2897",0,0
"2898",0,0
"2899",0,0
"2900",0,0
"2901",2,2
"2902",2,2
"2903",0,0
"2904",0,1
"2905",2,2
"2906",1,1
"2907",2,2
"2908",0,0
"2909",0,0
"2910",0,0
"2911",2,2
"2912",1,2
"2913",0,0
"2914",1,0
"2915",0,0
"2916",0,0
"2917",0,2
"2918",0,0
"2919",2,2
"2920",2,2
"2921",0,1
"2922",0,0
"2923",2,2
"2924",2,2
"2925",2,2
"2926",0,0
"2927",1,2
"2928",2,2
"2929",2,2
"2930",2,2
"2931",2,2
"2932",2,2
"2933",0,0
"2934",1,1
"2935",0,0
"2936",2,2
"2937",2,2
"2938",0,0
"2939",0,0
"2940",0,0
"2941",0,0
"2942",0,1
"2943",2,2
"2944",1,2
"2945",0,0
"2946",2,2
"2947",0,0
"2948",2,2
"2949",0,0
"2950",0,0
"2951",2,2
"2952",2,2
"2953",0,0
"2954",1,0
"2955",2,2
"2956",0,0
"2957",2,2
"2958",0,0
"2959",0,1
"2960",2,2
"2961",0,1
"2962",2,2
"2963",0,0
"2964",1,2
"2965",0,0
"2966",2,2
"2967",1,2
"2968",2,1
"2969",0,0
"2970",1,1
"2971",2,2
"2972",1,1
"2973",0,0
"2974",2,2
"2975",0,0
"2976",1,2
"2977",1,0
"2978",2,2
"2979",2,2
"2980",1,2
"2981",0,0
"2982",0,0
"2983",0,0
"2984",0,0
"2985",2,2
"2986",2,2
"2987",2,2
"2988",0,0
"2989",2,2
"2990",0,0
"2991",2,2
"2992",1,1
"2993",1,1
"2994",1,0
"2995",2,2
"2996",1,2
"2997",0,0
"2998",0,0
"2999",2,2
"3000",2,2
"3001",0,0
"3002",0,0
"3003",2,2
"3004",2,2
"3005",0,0
"3006",0,0
"3007",0,0
"3008",1,1
"3009",2,2
"3010",0,0
"3011",0,0
"3012",2,2
"3013",0,0
"3014",0,0
"3015",0,0
"3016",2,2
"3017",2,2
"3018",2,2
"3019",2,2
"3020",2,2
"3021",0,0
"3022",2,2
"3023",1,0
"3024",0,0
"3025",2,2
"3026",0,0
"3027",0,0
"3028",1,1
"3029",1,1
"3030",0,0
"3031",2,2
"3032",1,2
"3033",0,0
"3034",2,2
"3035",2,2
"3036",0,0
"3037",0,0
"3038",2,2
"3039",2,2
"3040",0,0
"3041",2,2
"3042",0,0
"3043",0,0
"3044",2,2
"3045",1,1
"3046",0,0
"3047",0,0
"3048",1,1
"3049",2,2
"3050",2,2
"3051",0,1
"3052",2,2
"3053",2,1
"3054",1,1
"3055",2,2
"3056",2,2
"3057",0,0
"3058",1,0
"3059",2,2
"3060",2,2
"3061",0,0
"3062",2,2
"3063",2,2
"3064",2,2
"3065",0,0
"3066",0,0
"3067",2,2
"3068",0,1
"3069",0,0
"3070",1,0
"3071",0,0
"3072",2,2
"3073",2,1
"3074",0,0
"3075",2,2
"3076",1,2
"3077",2,2
"3078",2,1
"3079",2,2
"3080",1,1
"3081",0,0
"3082",0,0
"3083",0,0
"3084",0,0
"3085",1,0
"3086",1,0
"3087",0,0
"3088",0,0
"3089",1,1
"3090",1,1
"3091",0,0
"3092",0,0
"3093",2,2
"3094",0,0
"3095",1,1
"3096",1,1
"3097",2,2
"3098",2,1
"3099",2,2
"3100",0,0
"3101",0,0
"3102",2,1
"3103",0,0
"3104",1,1
"3105",2,2
"3106",2,1
"3107",2,2
"3108",2,2
"3109",2,2
"3110",2,2
"3111",2,2
"3112",2,1
"3113",2,1
"3114",1,0
"3115",1,0
"3116",0,1
"3117",0,0
"3118",0,0
"3119",0,0
"3120",1,1
"3121",1,0
"3122",0,0
"3123",0,0
"3124",0,0
"3125",2,2
"3126",1,0
"3127",2,2
"3128",2,2
"3129",2,2
"3130",1,2
"3131",0,0
"3132",2,2
"3133",0,0
"3134",2,2
"3135",0,0
"3136",0,0
"3137",0,0
"3138",2,2
"3139",2,2
"3140",2,2
"3141",2,2
"3142",0,0
"3143",0,0
"3144",0,1
"3145",0,0
"3146",0,0
"3147",2,2
"3148",0,0
"3149",0,0
"3150",2,2
"3151",2,2
"3152",2,2
"3153",2,2
"3154",0,0
"3155",0,0
"3156",1,1
"3157",2,2
"3158",2,2
"3159",1,1
"3160",0,0
"3161",2,2
"3162",0,0
"3163",0,0
"3164",2,2
"3165",0,0
"3166",0,0
"3167",1,1
"3168",2,2
"3169",2,2
"3170",1,1
"3171",0,0
"3172",1,0
"3173",0,0
"3174",1,1
"3175",0,0
"3176",2,2
"3177",1,1
"3178",2,2
"3179",2,2
"3180",2,2
"3181",1,2
"3182",0,0
"3183",0,0
"3184",0,0
"3185",0,0
"3186",0,0
"3187",1,1
"3188",2,2
"3189",2,1
"3190",0,0
"3191",0,0
"3192",2,2
"3193",2,2
"3194",1,1
"3195",0,0
"3196",0,0
"3197",2,2
"3198",0,1
"3199",0,0
"3200",0,0
"3201",2,2
"3202",0,0
"3203",0,1
"3204",1,1
"3205",0,0
"3206",0,0
"3207",2,2
"3208",2,2
"3209",2,2
"3210",2,2
"3211",2,1
"3212",2,2
"3213",2,2
"3214",0,0
"3215",2,2
"3216",1,1
"3217",2,2
"3218",0,0
"3219",1,2
"3220",2,2
"3221",0,1
"3222",0,0
"3223",2,2
"3224",0,0
"3225",0,0
"3226",0,0
"3227",0,0
"3228",0,0
"3229",2,1
"3230",2,2
"3231",2,1
"3232",2,1
"3233",2,2
"3234",2,2
"3235",0,0
"3236",2,1
"3237",1,1
"3238",2,2
"3239",2,2
"3240",1,1
"3241",1,1
"3242",0,0
"3243",1,2
"3244",0,0
"3245",0,0
"3246",2,2
"3247",0,0
"3248",0,1
"3249",2,2
"3250",2,1
"3251",2,1
"3252",2,2
"3253",2,2
"3254",2,2
"3255",2,2
"3256",0,1
"3257",2,2
"3258",2,2
"3259",1,1
"3260",0,0
"3261",1,1
"3262",2,2
"3263",0,0
"3264",2,1
"3265",2,1
"3266",2,2
"3267",0,2
"3268",2,2
"3269",0,0
"3270",2,2
"3271",2,2
"3272",2,2
"3273",2,2
"3274",0,0
"3275",0,0
"3276",2,2
"3277",2,2
"3278",0,2
"3279",0,0
"3280",1,1
"3281",0,0
"3282",0,0
"3283",1,1
"3284",2,2
"3285",0,0
"3286",2,2
"3287",2,2
"3288",1,1
"3289",2,2
"3290",1,1
"3291",2,2
"3292",2,1
"3293",0,0
"3294",1,1
"3295",2,2
"3296",0,0
"3297",1,1
"3298",2,2
"3299",2,1
"3300",0,0
"3301",2,2
"3302",0,0
"3303",0,0
"3304",0,0
"3305",2,2
"3306",0,0
"3307",2,2
"3308",0,0
"3309",2,2
"3310",0,0
"3311",2,2
"3312",2,2
"3313",0,0
"3314",0,0
"3315",2,2
"3316",2,2
"3317",2,2
"3318",1,1
"3319",0,1
"3320",0,0
"3321",0,0
"3322",2,2
"3323",0,1
"3324",1,1
"3325",1,2
"3326",2,2
"3327",2,2
"3328",0,0
"3329",2,2
"3330",1,0
"3331",1,1
"3332",2,2
"3333",0,0
"3334",2,2
"3335",2,2
"3336",0,0
"3337",0,0
"3338",0,0
"3339",1,1
"3340",0,0
"3341",1,0
"3342",0,0
"3343",2,2
"3344",0,0
"3345",0,0
"3346",0,0
"3347",0,2
"3348",2,1
"3349",1,2
"3350",1,1
"3351",1,1
"3352",1,1
"3353",0,0
"3354",2,2
"3355",2,2
"3356",2,2
"3357",2,2
"3358",0,0
"3359",0,0
"3360",0,0
"3361",0,1
"3362",1,0
"3363",2,2
"3364",2,2
"3365",2,2
"3366",2,2
"3367",2,2
"3368",0,0
"3369",2,1
"3370",2,2
"3371",1,2
"3372",2,2
"3373",0,0
"3374",2,2
"3375",1,2
"3376",0,1
"3377",2,2
"3378",1,2
"3379",1,2
"3380",1,0
"3381",0,0
"3382",2,2
"3383",0,0
"3384",0,0
"3385",0,0
"3386",2,2
"3387",1,0
"3388",1,1
"3389",2,2
"3390",1,1
"3391",0,0
"3392",0,0
"3393",1,1
"3394",2,2
"3395",2,2
"3396",0,0
"3397",1,2
"3398",2,2
"3399",0,0
"3400",1,1
"3401",1,0
"3402",0,0
"3403",1,1
"3404",0,0
"3405",1,1
"3406",2,2
"3407",2,2
"3408",1,1
"3409",0,0
"3410",1,2
"3411",1,1
"3412",0,0
"3413",0,0
"3414",0,0
"3415",0,0
"3416",0,0
"3417",0,0
"3418",1,1
"3419",0,0
"3420",0,0
"3421",0,1
"3422",0,0
"3423",0,0
"3424",2,2
"3425",0,0
"3426",0,0
"3427",2,2
"3428",2,2
"3429",2,2
"3430",0,2
"3431",1,1
"3432",2,2
"3433",0,0
"3434",2,2
"3435",2,2
"3436",0,0
"3437",1,0
"3438",0,0
"3439",2,2
"3440",2,2
"3441",1,0
"3442",0,0
"3443",0,0
"3444",0,0
"3445",0,0
"3446",2,2
"3447",2,2
"3448",0,0
"3449",2,2
"3450",2,1
"3451",0,0
"3452",2,2
"3453",2,2
"3454",0,1
"3455",1,1
"3456",0,0
"3457",1,1
"3458",2,2
"3459",0,0
"3460",1,1
"3461",0,0
"3462",2,2
"3463",2,2
"3464",0,0
"3465",2,2
"3466",0,0
"3467",0,0
"3468",2,2
"3469",1,2
"3470",1,1
"3471",0,0
"3472",0,0
"3473",2,2
"3474",0,0
"3475",2,2
"3476",0,0
"3477",0,0
"3478",1,2
"3479",0,0
"3480",2,2
"3481",0,1
"3482",0,0
"3483",1,1
"3484",2,2
"3485",0,0
"3486",0,0
"3487",2,1
"3488",2,2
"3489",2,2
"3490",0,0
"3491",0,0
"3492",2,2
"3493",2,2
"3494",2,2
"3495",2,2
"3496",2,2
"3497",2,2
"3498",1,0
"3499",0,0
"3500",2,2
"3501",2,2
"3502",0,0
"3503",2,2
"3504",0,1
"3505",2,2
"3506",2,2
"3507",0,1
"3508",0,0
"3509",0,0
"3510",2,2
"3511",0,1
"3512",0,0
"3513",2,2
"3514",0,0
"3515",2,2
"3516",2,2
"3517",0,0
"3518",1,1
"3519",2,2
"3520",2,2
"3521",1,1
"3522",2,2
"3523",0,0
"3524",0,0
"3525",0,1
"3526",2,2
"3527",2,2
"3528",1,2
"3529",1,1
"3530",2,2
"3531",0,0
"3532",0,1
"3533",2,2
"3534",0,0
"3535",0,0
"3536",1,2
"3537",2,2
"3538",1,1
"3539",2,2
"3540",0,0
"3541",2,2
"3542",2,2
"3543",1,1
"3544",2,2
"3545",2,2
"3546",1,1
"3547",2,2
"3548",2,2
"3549",0,0
"3550",2,2
"3551",0,0
"3552",0,0
"3553",0,1
"3554",1,0
"3555",2,2
"3556",2,2
"3557",0,0
"3558",2,2
"3559",2,2
"3560",0,0
"3561",2,2
"3562",1,2
"3563",2,2
"3564",1,2
"3565",0,0
"3566",1,1
"3567",2,2
"3568",2,2
"3569",0,0
"3570",2,2
"3571",1,1
"3572",0,0
"3573",0,0
"3574",1,1
"3575",0,0
"3576",0,0
"3577",1,0
"3578",1,1
"3579",1,2
"3580",2,2
"3581",2,2
"3582",0,0
"3583",1,1
"3584",2,2
"3585",0,0
"3586",2,2
"3587",1,1
"3588",0,0
"3589",1,0
"3590",0,0
"3591",0,0
"3592",0,0
"3593",0,0
"3594",1,1
"3595",2,2
"3596",1,1
"3597",0,1
"3598",0,0
"3599",1,1
"3600",2,2
"3601",2,2
"3602",0,0
"3603",2,2
"3604",2,1
"3605",0,1
"3606",0,0
"3607",2,2
"3608",2,2
"3609",2,2
"3610",0,0
"3611",1,1
"3612",2,2
"3613",0,2
"3614",2,2
"3615",2,2
"3616",0,0
"3617",2,2
"3618",0,0
"3619",0,0
"3620",0,1
"3621",0,0
"3622",2,2
"3623",0,0
"3624",0,0
"3625",0,0
"3626",0,1
"3627",1,1
"3628",0,0
"3629",0,0
"3630",2,1
"3631",1,2
"3632",0,0
"3633",0,0
"3634",2,2
"3635",2,1
"3636",0,0
"3637",2,2
"3638",0,0
"3639",2,2
"3640",2,1
"3641",0,0
"3642",2,2
"3643",2,2
"3644",1,1
"3645",2,2
"3646",0,1
"3647",2,2
"3648",1,1
"3649",2,2
"3650",2,2
"3651",1,0
"3652",2,2
"3653",2,2
"3654",2,2
"3655",0,0
"3656",2,2
"3657",1,1
"3658",0,0
"3659",2,2
"3660",2,2
"3661",1,1
"3662",0,0
"3663",2,2
"3664",2,2
"3665",1,2
"3666",2,2
"3667",2,2
"3668",2,2
"3669",0,0
"3670",0,0
"3671",1,1
"3672",2,2
"3673",0,0
"3674",1,0
"3675",1,1
"3676",0,0
"3677",0,0
"3678",2,2
"3679",1,1
"3680",2,2
"3681",0,0
"3682",0,0
"3683",2,2
"3684",2,2
"3685",2,2
"3686",2,2
"3687",2,2
"3688",1,1
"3689",0,0
"3690",0,0
"3691",1,1
"3692",0,0
"3693",0,0
"3694",2,2
"3695",1,1
"3696",2,2
"3697",1,1
"3698",1,1
"3699",0,0
"3700",1,2
"3701",2,2
"3702",0,1
"3703",2,2
"3704",2,2
"3705",0,0
"3706",0,0
"3707",2,1
"3708",2,2
"3709",1,1
"3710",0,0
"3711",0,0
"3712",0,0
"3713",0,0
"3714",1,0
"3715",0,0
"3716",2,2
"3717",1,1
"3718",1,1
"3719",2,2
"3720",0,1
"3721",1,1
"3722",0,0
"3723",2,1
"3724",2,2
"3725",2,2
"3726",0,0
"3727",2,2
"3728",0,0
"3729",0,0
"3730",0,0
"3731",0,0
"3732",1,1
"3733",2,2
"3734",0,0
"3735",2,2
"3736",2,2
"3737",2,2
"3738",0,0
"3739",0,1
"3740",1,2
"3741",2,2
"3742",2,2
"3743",0,1
"3744",0,0
"3745",2,2
"3746",0,0
"3747",0,0
"3748",2,2
"3749",1,1
"3750",2,2
"3751",0,0
"3752",0,0
"3753",2,2
"3754",2,2
"3755",2,2
"3756",2,2
"3757",0,0
"3758",2,2
"3759",2,2
"3760",0,1
"3761",2,2
"3762",2,2
"3763",0,0
"3764",1,1
"3765",2,2
"3766",1,1
"3767",2,2
"3768",1,1
"3769",0,0
"3770",1,1
"3771",0,0
"3772",2,2
"3773",2,2
"3774",0,0
"3775",0,0
"3776",1,0
"3777",2,2
"3778",1,0
"3779",1,1
"3780",0,0
"3781",2,2
"3782",2,2
"3783",2,2
"3784",1,1
"3785",2,2
"3786",0,0
"3787",2,1
"3788",0,0
"3789",0,0
"3790",2,2
"3791",0,0
"3792",2,2
"3793",0,0
"3794",2,1
"3795",0,0
"3796",0,0
"3797",1,0
"3798",2,2
"3799",0,0
"3800",2,2
"3801",1,2
"3802",0,0
"3803",0,0
"3804",1,1
"3805",2,2
"3806",0,0
"3807",0,0
"3808",2,2
"3809",2,2
"3810",2,2
"3811",2,2
"3812",2,2
"3813",2,2
"3814",1,1
"3815",0,0
"3816",2,2
"3817",1,1
"3818",0,0
"3819",1,2
"3820",0,0
"3821",2,2
"3822",0,0
"3823",0,0
"3824",1,1
"3825",2,2
"3826",0,0
"3827",2,2
"3828",0,0
"3829",1,2
"3830",2,1
"3831",0,0
"3832",0,0
"3833",2,2
"3834",0,0
"3835",0,0
"3836",2,2
"3837",1,1
"3838",0,0
"3839",1,1
"3840",0,0
"3841",2,2
"3842",1,0
"3843",1,1
"3844",2,1
"3845",0,0
"3846",2,2
"3847",0,0
"3848",2,2
"3849",2,2
"3850",2,2
"3851",0,1
"3852",0,0
"3853",2,2
"3854",0,0
"3855",2,2
"3856",2,1
"3857",2,2
"3858",2,2
"3859",2,2
"3860",2,2
"3861",0,0
"3862",0,1
"3863",2,2
"3864",2,2
"3865",2,2
"3866",1,2
"3867",0,0
"3868",0,0
"3869",2,2
"3870",2,2
"3871",2,2
"3872",1,2
"3873",2,2
"3874",1,0
"3875",2,2
"3876",2,2
"3877",2,2
"3878",2,2
"3879",2,1
"3880",2,2
"3881",2,2
"3882",2,2
"3883",0,0
"3884",2,2
"3885",2,2
"3886",2,2
"3887",2,2
"3888",2,2
"3889",0,1
"3890",0,0
"3891",0,0
"3892",0,0
"3893",0,2
"3894",0,0
"3895",0,1
"3896",1,0
"3897",0,0
"3898",1,2
"3899",0,0
"3900",0,0
"3901",0,0
"3902",0,0
"3903",2,2
"3904",0,0
"3905",1,1
"3906",0,0
"3907",0,0
"3908",0,0
"3909",0,1
"3910",2,2
"3911",2,2
"3912",0,0
"3913",2,2
"3914",1,1
"3915",0,0
"3916",0,0
"3917",0,1
"3918",2,2
"3919",2,2
"3920",0,1
"3921",2,2
"3922",1,1
"3923",0,0
"3924",0,0
"3925",2,2
"3926",1,2
"3927",0,0
"3928",0,0
"3929",2,2
"3930",0,0
"3931",2,1
"3932",2,2
"3933",2,2
"3934",0,0
"3935",2,2
"3936",0,0
"3937",0,0
"3938",0,0
"3939",2,2
"3940",2,2
"3941",1,1
"3942",0,0
"3943",2,2
"3944",0,0
"3945",1,1
"3946",2,2
"3947",2,2
"3948",2,1
"3949",2,2
"3950",0,1
"3951",1,2
"3952",0,0
"3953",2,2
"3954",0,0
"3955",2,2
"3956",2,2
"3957",0,1
"3958",2,2
"3959",0,0
"3960",2,2
"3961",2,2
"3962",1,0
"3963",2,2
"3964",1,1
"3965",2,2
"3966",2,2
"3967",2,2
"3968",2,2
"3969",0,1
"3970",0,0
"3971",2,2
"3972",0,0
"3973",2,2
"3974",2,2
"3975",2,2
"3976",2,2
"3977",2,2
"3978",0,0
"3979",0,0
"3980",2,2
"3981",2,2
"3982",0,0
"3983",0,0
"3984",2,2
"3985",2,2
"3986",2,2
"3987",0,0
"3988",0,0
"3989",2,1
"3990",1,1
"3991",2,2
"3992",0,0
"3993",2,2
"3994",0,0
"3995",2,1
"3996",0,0
"3997",1,1
"3998",2,2
"3999",2,2
"4000",2,1
"4001",2,1
"4002",2,2
"4003",0,0
"4004",2,2
"4005",0,0
"4006",0,0
"4007",0,0
"4008",2,2
"4009",1,1
"4010",0,0
"4011",0,1
"4012",2,2
"4013",0,0
"4014",2,2
"4015",2,2
"4016",0,0
"4017",0,0
"4018",0,0
"4019",0,0
"4020",1,2
"4021",2,1
"4022",0,0
"4023",0,0
"4024",2,2
"4025",0,0
"4026",1,1
"4027",0,0
"4028",0,0
"4029",0,1
"4030",2,2
"4031",1,2
"4032",0,0
"4033",0,0
"4034",2,2
"4035",1,2
"4036",2,2
"4037",1,1
"4038",2,2
"4039",0,0
"4040",2,2
"4041",2,1
"4042",1,1
"4043",0,0
"4044",2,2
"4045",2,1
"4046",0,0
"4047",0,0
"4048",0,1
"4049",2,2
"4050",0,0
"4051",2,2
"4052",0,0
"4053",1,1
"4054",1,1
"4055",2,2
"4056",2,2
"4057",2,2
"4058",2,2
"4059",0,0
"4060",2,2
"4061",0,0
"4062",1,0
"4063",2,2
"4064",1,0
"4065",0,0
"4066",1,0
"4067",2,1
"4068",1,1
"4069",2,2
"4070",0,0
"4071",1,1
"4072",2,2
"4073",2,2
"4074",1,1
"4075",1,0
"4076",2,2
"4077",0,0
"4078",2,2
"4079",2,1
"4080",2,2
"4081",0,0
"4082",0,0
"4083",2,2
"4084",0,0
"4085",2,2
"4086",2,2
"4087",2,2
"4088",2,2
"4089",1,2
"4090",1,2
"4091",1,2
"4092",2,2
"4093",2,2
"4094",0,0
"4095",0,0
"4096",2,2
"4097",2,1
"4098",2,2
"4099",1,1
"4100",2,2
"4101",0,0
"4102",2,2
"4103",2,2
"4104",2,2
"4105",0,1
"4106",1,2
"4107",0,0
"4108",2,2
"4109",0,0
"4110",0,0
"4111",0,0
"4112",2,2
"4113",2,2
"4114",0,0
"4115",1,1
"4116",2,1
"4117",0,0
"4118",2,2
"4119",2,2
"4120",2,2
"4121",2,2
"4122",0,0
"4123",2,2
"4124",0,0
"4125",0,0
"4126",0,0
"4127",2,2
"4128",1,1
"4129",1,1
"4130",2,2
"4131",2,2
"4132",0,0
"4133",0,0
"4134",2,2
"4135",2,2
"4136",0,0
"4137",0,0
"4138",2,2
"4139",0,1
"4140",0,0
"4141",2,2
"4142",0,0
"4143",2,2
"4144",0,2
"4145",0,0
"4146",0,0
"4147",2,1
"4148",2,2
"4149",1,1
"4150",0,0
"4151",0,0
"4152",2,2
"4153",2,2
"4154",2,2
"4155",0,0
"4156",0,0
"4157",2,2
"4158",2,2
"4159",2,2
"4160",2,2
"4161",2,2
"4162",1,2
"4163",2,1
"4164",0,0
"4165",0,0
"4166",2,2
"4167",2,2
"4168",1,2
"4169",2,2
"4170",2,2
"4171",2,2
"4172",0,0
"4173",0,0
"4174",0,0
"4175",0,0
"4176",0,0
"4177",2,2
"4178",1,1
"4179",0,1
"4180",0,0
"4181",2,2
"4182",2,2
"4183",2,2
"4184",2,2
"4185",2,2
"4186",2,2
"4187",2,2
"4188",0,1
"4189",0,0
"4190",0,1
"4191",1,1
"4192",0,0
"4193",1,1
"4194",2,2
"4195",2,1
"4196",2,2
"4197",0,1
"4198",2,2
"4199",2,2
"4200",0,0
"4201",2,2
"4202",2,1
"4203",0,0
"4204",0,0
"4205",0,0
"4206",1,1
"4207",0,0
"4208",2,2
"4209",2,2
"4210",1,2
"4211",2,2
"4212",0,0
"4213",1,1
"4214",1,1
"4215",2,2
"4216",2,2
"4217",2,1
"4218",2,2
"4219",1,1
"4220",0,0
"4221",0,0
"4222",2,2
"4223",0,0
"4224",2,2
"4225",0,0
"4226",1,0
"4227",2,2
"4228",0,0
"4229",2,2
"4230",0,0
"4231",0,0
"4232",1,1
"4233",2,2
"4234",0,0
"4235",0,0
"4236",2,2
"4237",2,2
"4238",0,0
"4239",2,2
"4240",2,2
"4241",2,2
"4242",2,2
"4243",1,2
"4244",2,2
"4245",2,2
"4246",2,1
"4247",0,0
"4248",2,2
"4249",2,2
"4250",0,0
"4251",2,2
"4252",0,0
"4253",2,2
"4254",0,0
"4255",1,1
"4256",2,2
"4257",0,0
"4258",1,0
"4259",0,0
"4260",0,0
"4261",2,2
"4262",0,0
"4263",1,1
"4264",2,2
"4265",2,2
"4266",2,2
"4267",1,1
"4268",2,2
"4269",0,0
"4270",0,0
"4271",0,0
"4272",2,2
"4273",2,2
"4274",0,1
"4275",2,2
"4276",1,1
"4277",2,2
"4278",1,1
"4279",2,2
"4280",2,2
"4281",2,2
"4282",2,2
"4283",2,2
"4284",0,0
"4285",0,0
"4286",0,0
"4287",0,0
"4288",0,0
"4289",0,0
"4290",0,0
"4291",1,1
"4292",2,2
"4293",2,2
"4294",1,0
"4295",0,0
"4296",2,2
"4297",0,0
"4298",0,0
"4299",0,1
"4300",2,2
"4301",2,2
"4302",1,0
"4303",2,2
"4304",0,1
"4305",2,2
"4306",1,1
"4307",2,2
"4308",0,2
"4309",0,0
"4310",2,2
"4311",0,0
"4312",2,2
"4313",2,2
"4314",0,0
"4315",0,0
"4316",2,2
"4317",0,0
"4318",1,2
"4319",2,2
"4320",2,2
"4321",1,1
"4322",0,0
"4323",0,0
"4324",0,0
"4325",2,2
"4326",0,0
"4327",1,0
"4328",2,1
"4329",0,0
"4330",0,0
"4331",2,2
"4332",0,1
"4333",2,2
"4334",1,2
"4335",1,1
"4336",0,0
"4337",2,2
"4338",2,2
"4339",2,2
"4340",0,0
"4341",0,0
"4342",0,0
"4343",1,1
"4344",2,2
"4345",1,2
"4346",0,0
"4347",0,0
"4348",0,0
"4349",0,0
"4350",0,1
"4351",2,2
"4352",0,0
"4353",0,0
"4354",2,2
"4355",2,2
"4356",0,0
"4357",2,2
"4358",0,0
"4359",2,2
"4360",0,0
"4361",0,0
"4362",2,2
"4363",2,1
"4364",1,1
"4365",1,1
"4366",2,2
"4367",2,2
"4368",0,0
"4369",1,1
"4370",0,0
"4371",0,0
"4372",2,2
"4373",0,0
"4374",0,1
"4375",2,2
"4376",2,2
"4377",2,2
"4378",0,0
"4379",0,0
"4380",2,2
"4381",0,0
"4382",2,2
"4383",0,0
"4384",1,1
"4385",2,1
"4386",2,2
"4387",2,2
"4388",2,2
"4389",2,2
"4390",2,2
"4391",0,0
"4392",0,0
"4393",2,2
"4394",0,0
"4395",0,0
"4396",2,2
"4397",2,2
"4398",0,0
"4399",2,2
"4400",0,0
"4401",2,2
"4402",0,0
"4403",0,0
"4404",0,0
"4405",0,0
"4406",0,1
"4407",0,0
"4408",0,0
"4409",2,2
"4410",2,2
"4411",2,2
"4412",0,1
"4413",0,0
"4414",0,0
"4415",2,1
"4416",0,0
"4417",1,1
"4418",0,0
"4419",2,2
"4420",2,2
"4421",2,2
"4422",0,0
"4423",2,2
"4424",1,1
"4425",1,2
"4426",2,2
"4427",1,1
"4428",1,1
"4429",2,2
"4430",2,2
"4431",2,2
"4432",2,2
"4433",0,1
"4434",1,2
"4435",2,2
"4436",2,2
"4437",0,0
"4438",2,2
"4439",0,0
"4440",0,0
"4441",1,0
"4442",2,2
"4443",0,0
"4444",0,0
"4445",0,0
"4446",2,2
"4447",1,1
"4448",2,2
"4449",0,0
"4450",1,1
"4451",2,2
"4452",2,1
"4453",2,2
"4454",1,1
"4455",0,0
"4456",0,0
"4457",2,2
"4458",0,1
"4459",1,2
"4460",2,2
"4461",0,0
"4462",1,1
"4463",0,0
"4464",2,2
"4465",2,2
"4466",0,0
"4467",0,0
"4468",0,0
"4469",1,1
"4470",0,0
"4471",0,0
"4472",1,1
"4473",2,2
"4474",2,2
"4475",2,2
"4476",0,0
"4477",0,0
"4478",2,2
"4479",1,1
"4480",0,0
"4481",2,2
"4482",2,2
"4483",0,0
"4484",2,2
"4485",1,1
"4486",2,2
"4487",0,0
"4488",2,2
"4489",0,0
"4490",2,2
"4491",2,2
"4492",1,1
"4493",2,2
"4494",0,0
"4495",0,1
"4496",0,0
"4497",1,0
"4498",2,2
"4499",1,0
"4500",1,1
